,sixtyforty,riskparity
SPY,0.5938310514681073,0.5015528543546368
TLT,0.18661685458812546,0.4727983791503489
