,customweights,benchmark
GLD,0.20557162601638831,0.0
COM,0.19946639463810445,0.0
SP500TR,0.1817535822554119,0.0
ITB,0.3909957066227711,0.0
